{"cameraMode":{"drawMode":0,"name":"Shaded","section":"Shading Mode"},"sceneLighting":true,"audioPlay":false,"sceneViewState":{"m_AlwaysRefresh":false,"showFog":true,"showSkybox":true,"showFlares":true,"showImageEffects":true,"showParticleSystems":true,"showVisualEffectGraphs":true,"m_FxEnabled":true},"in2DMode":false,"pivot":{"x":1.9432992935180665,"y":6.657942771911621,"z":1.6989192962646485},"rotation":{"x":0.04496796801686287,"y":-0.9538553953170776,"z":0.18423673510551454,"w":0.23281531035900117},"size":14.860950469970704,"orthographic":false}